,prompt,response
0,"Considering math constraints and units, using English language, Create a math word problem starting with Denise adds 5 bananas to a ","Considering math constraints and units, using English language, Create a math word problem starting with Denise adds 5 bananas to a iced tea with a glass of iced tea (10) on a desk. (10 bananas is 10 teaspoons of coffee.) In a later round, Denise adds 10 pieces of bread to a sandwich (9) and takes 10 toast sandwiches (10) to school with a pencil (10). In the following round, Denise's mother sends Denise to make cookies (10) for her birthday. The last two rounds consist of 6 mini-games, 1 real life mini game, 2 vocabulary game, and 3 tests. Denise's mother keeps to the real life mini game, because in the real life, Denise must go to the library for an interview for a job and not the library for lunch. After completing all the game, Denise's mom sends Denise to a job, where she works 5 hours a day. After learning English, Denise must go to a meeting with some of her"
1,"Considering math constraints and units, using English language, Create a math word problem starting with Rishira's colleague made 55 cookies. She ","Considering math constraints and units, using English language, Create a math word problem starting with Rishira's colleague made 55 cookies. She î€€ rays it off. ""A. C. Einstein was born on August 3rd, 1917."" Then she starts to think: ""I don't know why I would have written this so accurately. Einstein is so well known. It's funny because one of Einstein's great ideas was that mathematics is all that matters. He was totally obsessed. To be a mathematician there have to be rules. You could be a physicist but to have these rules you must know the rules. The answer is it's about numbers."" A. C. Einstein was born August 3rd 1917. When she saw it she gave her teacher's lunch all the rules; then she did some calculations and got an idea. ""I called her. She told me Einstein is such a remarkable man, who is always calculating things when I see him,"" she says, ""but when"
2,"Considering math constraints and units, using English language, Create a math word problem starting with Rangith has 19 boxes and ","Considering math constraints and units, using English language, Create a math word problem starting with Rangith has 19 boxes and Ñ–Ì°ÑÌ±Í¡Í­ÌµÌµÌµÍœÌµÒ‰Ì´Í•Ì¯Ì¢Ì¯Ì«Ì«Ì«Ì¸Ì¿Ì±ÍÌ±ÍÍœÌ±ÍªÍœÌµÍÌ¸Ì…ÄÍ”Ì¯Ì«Ì«Ì«Ì¯Ì—Ì¸Ì±ÍÌ±ÍÍœÌ±ÍœÌ±Í¢Í•ÍÌ¸Ì Ì™Í¬Ì Ì¼ÌªÍšÍ›Ì•Í…ÌºÍÌ«Ì¸Ì¯Ì¯Ì—Í©Í­ÌµÌµÌµÌµÍŸÍ Ñ–Ì°ÍœÌµÌµÌ·Ì€ï¿½"
3,"Considering math constraints and units, using English language, Create a math word problem starting with There are 6 tennis balls in ","Considering math constraints and units, using English language, Create a math word problem starting with There are 6 tennis balls in _____, how many balls do they weigh? A: 4 A: 6 A: 6

The problem is easy to implement:

#include <stdio.h> int main() { double k_a, k_b; double g, h; char j, k; char e, f; double x, y, z; double o; while ( 1 ) { for ( int i = 0 ; i < 12 ; i++ ) { cout << "" The ball is _____ "" ; for ( ; i < 8 ; i++ ) { j = t(i)+ k*pow(g, h[i]+h[i]); cout << "" The ball is _____ "" << j << endl; } continue ; cout << "" The ball is _____ "" << j << endl; } k,g = t"
4,"Considering math constraints and units, using English language, Create a math word problem starting with 1 stamp costs 34 cents. ","Considering math constraints and units, using English language, Create a math word problem starting with 1 stamp costs 34 cents. Â For that number to add 4, the cost to create a word puzzle will be 1.3 cents. Â Then, add 1.3 times 4, a total of 32 cents per word puzzle. Â So, the cost of creating and printing a word puzzle will be 1.7 cents per square metre. Â That adds up to approximately 15 cents per square metre; in any language, this costs a minimum of $2.40.
A Word Puzzle from theÂ  Art and Design Quarterly Â of the College of Engineering, July 1997 A student in a classroom in Boston's South End tries to solve a word puzzle on paper. Â Students use their pencils to create a word with a space between a space and a single space. Â A single space is defined as: the space that is not broken into six equal dots (the space"
5,"Considering math constraints and units, using English language, Create a math word problem starting with Mom wanted to plant potato seedlings. ","Considering math constraints and units, using English language, Create a math word problem starting with Mom wanted to plant potato seedlings. Â In the English words I want, plant at least a seedling between 3 meters from the sun at the same time as, as, but with no wind, let, as in, it was not raining, or it was not dark, which means the sun was at a distance of 3 meters from the seedlings. Â All three of those are correct, because the math constraints and units mean that we must use the mathematical symbol for the distance (2 meters), as in 2 kilometers. This time, we have 2 meters distance between the seedlings, so we can also have 2,800 meter seedlings. Â If Mom wanted to plant a potato from more than 2 meters from the sun as long as the wind was not blowing on it we'd have problems, but if she planted 2 kilograms in its place, we got a great answer. "
6,"Considering math constraints and units, using English language, Create a math word problem starting with A woman is three times as ","Considering math constraints and units, using English language, Create a math word problem starting with A woman is three times as _____ compared to a man's time in the hospital. Start with a single letter (you can try different combinations) and move on to A woman has four times as much ________________________________ for men as woman's body weight. Finally, add a semicolon "" _______"" which means ""a"" followed by ________ or ""z"" for men and a colon or colon for women. The result should produce a single letter the whole way down. Try this, test your math skills. If you're not a mathematician, take a test at an online English language site, such as MathQuest, http://www.mathquest.com/test.php, to get test results for common mathematical words. If you're a computer scientist, you may want to learn to type math equations on one hand and write them down on the other. The answer will include the notation of"
7,"Considering math constraints and units, using English language, Create a math word problem starting with Mike has 87 baseball cards. ","Considering math constraints and units, using English language, Create a math word problem starting with Mike has 87 baseball cards. Â Then Mike takes each card and adds a number to it, writing each card's name on each card and taking into account its English name. Â Next, he adds the English name onto the card and takes the next number as a starting point. Â Now, to solve the problem, Mike starts at the number, writing the English name directly on each card, with his starting point (Mike wants to calculate the value) and, once again, with the English name on the cards. Â Mike takes as his starting point the next item (the starting value), the second item (the second starting point) and so on. When, in the final item, all five cards face up in the numbers in step 4. Â Mike solves the problem using one of his options. Â He starts with the last item and writes the English name. Â "
8,"Considering math constraints and units, using English language, Create a math word problem starting with Last year at Newberg's airport, 14507 ","Considering math constraints and units, using English language, Create a math word problem starting with Last year at Newberg's airport, 14507 Ã‚ Ã‚ 1/10

Ã‚ Ã‚ 1/10 at Nederland Ã‚ Ã‚ 1/20 at Rambus

Let us see a word of code using English language, a word problem for multiplication.


Ã‚ Ã‚ 1/10 at Nederland

Let's see a word problem starting with 1.13. Let's create a code starting from 1.13 by using 1.13.


Ã‚ Ã‚ 1/10 at Nederland

Let's see a word of code starting with +1/5

Ã‚ Ã‚ 1/10 at Nederland

Create a word problem with +1/5 by using 1.13.


Ã‚ Ã‚ 1/10 at Nederland

Here's the word of code starting with (5 + 2"
9,"Considering math constraints and units, using English language, Create a math word problem starting with A bus has 14 ","Considering math constraints and units, using English language, Create a math word problem starting with A bus has 14 Â bus stops on a 3,964 grid. Create a math function that will compute the square roots of the square root of the number 4 on square root. In the example, we'll use the Pythagorean theorem and the square root of 1 as our formula. In the example, the math formula is: $6 = \sqrt (-6) + \frac{1}{4}{\sqrt (1 - 3)) + \sqrt (2 - 5)+\frac{2}{(5 - 4)} + \sqrt (2 - 6)+\frac{2}{(\sqrt-(6 - 4 - 8))) + \sum_{i=1}^{n} \frac{1}{4}{n - (n+1)^{n}}(X_{i=n-1}), \end{align} $$ We'll"
10,"Considering math constraints and units, using English language, Create a math word problem starting with Tom has 30 green balloons ","Considering math constraints and units, using English language, Create a math word problem starting with Tom has 30 green balloons î € #math_boggle î € î  Click to show or hide About this video Making the impossible seem possible with 'Make Math Go Easy.' Tom gets to create numbers for each square of space. He solves a little problem (3D cube) from a top down perspective. î  Share on î˜‰ Facebook Tweet Share for î Š î  î ˆ î ‰ î ‰

Related stories

Have a tip we should know? tips@mediaite.com"
11,"Considering math constraints and units, using English language, Create a math word problem starting with The teacher decides to buy books for ","Considering math constraints and units, using English language, Create a math word problem starting with The teacher decides to buy books for ____ students. It looks likeÂ (Teachers are given choice of book). So, how to say what is the number of the book?
""First is the number, and the second is the number of its number, and the third is the number of its number, and the fourth is the number of its number, and the fifth is the number of its number, and the sixth is ""
(Now divide by """") The teacher has to say ""Second, that's eight-tenths of what is there"" ""Â Let's say"" Teacher. "" "" "" "" "" ""This is a problem that comes to us with the words number "" ""Number has 10 times more energy than other things."""" ""Then I think,"" Teacher "" "" "" "" "" ""In that situation, we need the word numbers with an increasing problem. (This is"
12,"Considering math constraints and units, using English language, Create a math word problem starting with Binura has 11 boxes ","Considering math constraints and units, using English language, Create a math word problem starting with Binura has 11 boxes Â instead of 32, one number less each box, for a total of 128, leaving 32 space spaces for solving a word problem. Â It is also possible to write down the words after the box with math-mark-place on it, so if one box is too large for a word, the other boxes will add more space. This gives you a total of 1,512 boxes. The only thing you have to do is get rid of the math box. There's no ""blank"" box at the end of that total so it is never filled. Then if you go to the final step for that word, it is easier to go to the first space and start over in the other box and start over. There is no way to set it aside for later."
13,"Considering math constraints and units, using English language, Create a math word problem starting with Rosy has 9 chickens and ","Considering math constraints and units, using English language, Create a math word problem starting with Rosy has 9 chickens and _____ eggs. The number of letters in _____ is 3; it could also be _____ chicken or _____ egg. For example, it's three chickens and two eggs, rather than 2 chickens and 1 egg. And you've got a chicken and an egg, not a chicken and egg. So what's the real number of chickens and eggs involved?

I can't figure it out. The number is almost always one thing.

We'd call a word problem like this one of ""solving"" a puzzle or a problem, but that won't help you with an intuitive sense of numbers. Your intuition may help you understand a visual problem, or even something you can understand intuitively. But there's no one-to-one correspondence between the numbers you learn and the number you end up with.

And that's why learning math vocabulary and"
14,"Considering math constraints and units, using English language, Create a math word problem starting with vimaala has 20 acre land and ","Considering math constraints and units, using English language, Create a math word problem starting with vimaala has 20 acre land and ã€ˆ20ã€‰ acre square, ã€ˆ20ã€‰ square foot and ã€ˆ5ã€‰ acre square space. When I give the math word to the user I will add the cost of space ã€ˆ35 ã€‰ by using a calculator, i.e., $35/sqft = ã€ˆ1/35 = $2.50."" [5]

So for a user to create a math word problem and put the costs of space, labor and space to work in a given square meter, how do you find the cost of one square meter of land?

First, create a math word problem. Then, in addition to the cost costs, I need to include a cost of space, labor and the cost of the square meter of land for the same issue. Now I can look at each issue and"
15,"Considering math constraints and units, using English language, Create a math word problem starting with Seth bought 20 cartons of ice cream and 2 ","Considering math constraints and units, using English language, Create a math word problem starting with Seth bought 20 cartons of ice cream and 2 ikeas.


Using English language, a math word problem starting with Seth is 1.065 x10-7 x 3 x 10(100) (1/20) 10(500) 15(1000) 100(16500)* 100(5000) 22500* 10(16500) 15(1000) 10(16500) 50(13000)* 100(24500) 10(8200) 15(1000) 20(16600) 100(25500)* 100(8000) 5.0 x10(140000)* 10(8200) 15(1000) 15(10)* 100(4) 100(4) 100(4) 100(4) 100(4) 1.0 x10(24000)* 100(16200) 20(16600)* 50(3*1.2"
16,"Considering math constraints and units, using English language, Create a math word problem starting with In fourth grade there were 42 students at the ","Considering math constraints and units, using English language, Create a math word problem starting with In fourth grade there were 42 students at the vernacular language school (not sure what this means, but the students are mainly English Language learner). They all began with similar answers (to a 2d+3) so I thought maybe there was some common underlying language that they learned so easily. So I did the math. Let's start from first row using English (no math words).

As you can see, the first row contains four units + 0, so 1/4 (2/4) is 0. But now the English language learners have one unit again, so we have 4 units + 1; so that 3 of the units plus 1 mean, that 3 of the units plus 2 mean, that there should equal to 1, and so on.

Of course, it's quite clear that there can only be 1 unit, because you'll always only get one unit from"
17,"Considering math constraints and units, using English language, Create a math word problem starting with Rosy ran 7.3 mile ","Considering math constraints and units, using English language, Create a math word problem starting with Rosy ran 7.3 mile É’. To complete the Word Problems, use the 'Possible Solves' button and click the 'Finish' button. If this is not done, an error message will appear.

The first solution was Rosy - Rosy, and the second was Rosy and Rosy the dog.

All the steps of this guide can now be done online using Rosy."
18,"Considering math constraints and units, using English language, Create a math word problem starting with A cow gets 3 liters of ","Considering math constraints and units, using English language, Create a math word problem starting with A cow gets 3 liters of _______. If you solve this word problem, you should receive at least 20 of these math words.

This is not an exhaustive guide to programming languages, but a compilation of basic language related topics including the rules of an advanced language like Javascript, C#, Java, or Ruby. It will help you explore what programming languages you can learn and when to start. If you want to expand your knowledge, here are a few resources you will find useful in order to further your learning:

You can also download this video tutorial and start programming in about 10 minutes!"
19,"Considering math constraints and units, using English language, Create a math word problem starting with Sunil is 20 years ","Considering math constraints and units, using English language, Create a math word problem starting with Sunil is 20 years __________________________________________________________________

This is a word that I wrote last year and the problem was hard to solve, I think the difficulty in writing the proof had to do with the difficulty in understanding the ideas I wanted to formulate in the word. I am a mathematician so it was hard to explain to someone in English what I wanted to prove. I am trying to put this word problem in a separate section of this website that does this topic and does other word problems of that topic. The whole proof is under the ""Find the smallest value ____ in the function."" section. My last proof of an area function of two by two was under the ""Find the largest value ____."" section and the proof for area function of four by four was under the ""Find the sum ____ of the variables in $P(q$) $"" section.

__________________________________________________________________

The"
20,"Considering math constraints and units, using English language, Create a math word problem starting with Vimal spoke 2 hours but ","Considering math constraints and units, using English language, Create a math word problem starting with Vimal spoke 2 hours but Â using English as the foundation by having to work on words such as ""1+1"" and ""2*2."""
21,"Considering math constraints and units, using English language, Create a math word problem starting with A crocodile walked 3 ","Considering math constraints and units, using English language, Create a math word problem starting with A crocodile walked 3 Â Creek feet A crocodile climbed 3 river tiles A frog walked 3 feet Cactus climbed 6 trees A water buffalo walked 4 feet"
22,"Considering math constraints and units, using English language, Create a math word problem starting with A dog walked 5 ","Considering math constraints and units, using English language, Create a math word problem starting with A dog walked 5 ____ dogs 6 2 ____ Dogs 7 * ____ cats 8 * ____ cats 9 1 ____ Cats 10 1 ____ cats 11 _____ dogs 12 2 ____ dogs 13 ____ dogs 14 1 _____ dogs 15 2 ____ dogs 16 6 ____ animals 3.5 _____ dogs 3.5 _____ dogs 17 3.25 _____ animals 18 3 _____ animals 19 _____ animals 20 _____ animals 21 _____ animals 22 _____ dogs 23 _____ dog 24 7 _____ dogs 25 _____ dog 26 12 _____ cats 27 9 _____ cats 28 12 _____ cats 29 9 _____ cats 30 9 _____ cats 31 10 _____ cats 32 10 _____ cats 33 _____ chickens 34 13 _____ chickens 35 35 10.25 _____ chickens 36 11 _____ chickens 37 10 _____ chickens 38 11 _____ chickens 39 10 "
23,"Considering math constraints and units, using English language, Create a math word problem starting with Ravi had 6 balls in ","Considering math constraints and units, using English language, Create a math word problem starting with Ravi had 6 balls in _______. But, here's how we could do that:

If you use the english language calculator here, you can see that we're using a big number instead of a lot. So, to solve the math equation, you can't solve it by ""lagging,"" ie. by using too many symbols; you have to use too few. But now it's math, and we can use only one symbol: R. Remember, in English, it's R with the symbol, ""R"" followed by numbers, like 1, 12, 6, 9, 25, etc. But to solve the equation, we must ""tag"" the number, so that the number ""R"" is tagged by the number, ""4"". Let's call this r = 14 (because I'm making an example here so you could refer to R with symbols of its own!"
24,"Considering math constraints and units, using English language, Create a math word problem starting with Melanie grew 139 turnips ","Considering math constraints and units, using English language, Create a math word problem starting with Melanie grew 139 turnips Â â€“ a remarkable achievement due to the fact that she didn't know how to count. Then, to simplify things, she tried an equation starting with the same number and made it less ambiguous.Â  The result showed: Â (20-2)/(20-3)= 2.63 (15 turns), Â (2.63 Ã— 30(30/28))= 38.44 (3 turns). She started doing simple exercises to develop her skill on this, which showed great results:
In this lesson, she teaches 3 simple exercises, focusing on developing a mathematical knowledge of English:Â 
1) Expression of the words with numbers
2) Expression of numbers with words
3) Expression of a word with a word That's it, in a short amount of time, she could solve her own math. She also showed a little humility about"
25,"Considering math constraints and units, using English language, Create a math word problem starting with Lewis then went to see the oranges being ","Considering math constraints and units, using English language, Create a math word problem starting with Lewis then went to see the oranges being Â - in order to create an even word you must create an order and Â - and here it is- in order to create a complex word i've used the word-inversion formula. The solution is a new word, x+1+2=5 because every word in my english vocabulary is one syllable long while the formula is 1+2=5+6+7=10. The reason being that for all common letters x is invertible, for some letters is invertible. You can do the same thing with the whole example and see whether you agree or disagree with the equation:
x invertible to 8
If you want to know which letters would make a letter of the complex word, type them into that word to see which letter comes out from which letters:
e invertible to Â 5
"
26,"Considering math constraints and units, using English language, Create a math word problem starting with Jerry had 18 plants, ","Considering math constraints and units, using English language, Create a math word problem starting with Jerry had 18 plants, Â 16 tomatoes, 15 onions, 25 grapes, 2 chocolate, 3 oranges, and 2 mushrooms! Here's the problem.Â 
4 people chose a flower from this set.Â Â 
There's a lot of fun going on here. Â And by fun I mean, you're going to miss this one! It's a little tricky, but here are 3 options that I chose:
The first one is the most fun thing I've ever heard in my life.
But, while the second and third are fun, and the last one is kind of funny, there are multiple issues with the first question. For me to recognize a particular fruit as a fruit, I need to know where it is from and if it's even here. Â Now, to make that problem math-oriented I would've preferred a simple question like ""what are the proportions of apples"
27,"Considering math constraints and units, using English language, Create a math word problem starting with Ranga is 46 years ","Considering math constraints and units, using English language, Create a math word problem starting with Ranga is 46 years ã… ã… ã… .Â  If there is an answer to it, create a maths word problem.
To complete it, you can make a math word problem using only simple steps ã… ã… ã… .Â  If there is an answer and it does not have a word for, then use this method. ã… ã… ã… ã… , the goal is to have three words, and the goal isn't to make a problem in the language.
And this is all, we got to make a simple Math word problem, starting with an English word or use some simple language, and solve it successfully in English.Â 
Â If you read that, you would know how hard it is to make simple math words problem in English, even though the problem may have more than 10,000 words"
28,"Considering math constraints and units, using English language, Create a math word problem starting with Kalan has 12 bottles ","Considering math constraints and units, using English language, Create a math word problem starting with Kalan has 12 bottles ã€3,000ã€‘, 20 cups ã€1000ã€‘ and 200 bottles ã€3000ã€‘.

4-Minute Homework, Part 1

A problem with one row on a 6 row grid, but in 1 minute (1000 words = 1 minute), start with 4 bottles, 3 cups and 15 cups. It should take you about 35 seconds.

After the short one-minute task, play an all day challenge using both English and Japanese to complete the same task a total of 2,100,000 time.

Challenge #2: Write 100 words on a 2Ã—2 grid to receive a random one star Japanese ã€1,700ã€‘

Challenge #3:

A math challenge, using kana words ã€800ã€‘.

After the short challenge, play a 2-3-minute game using"
29,"Considering math constraints and units, using English language, Create a math word problem starting with Mickey ordered 12 pizzas. One ","Considering math constraints and units, using English language, Create a math word problem starting with Mickey ordered 12 pizzas. One _____ pie.

Use English language, Create a math word problem starting with Mickey ordered 12 pizzas. One _____ pie. Find the best one at the top of the table.

Create a math word problem using a Spanish word.

Pair math words in sentences of either English or Spanish.

Math Words in the French Glossary


The term math word (which is used as a noun) refers to the logical or logical statement within any sentence that uses math terms; there are no actual numbers in the English-language context. However, math words exist within certain genres of literature, and some of these are listed below."
30,"Considering math constraints and units, using English language, Create a math word problem starting with I walk in every 1 ","Considering math constraints and units, using English language, Create a math word problem starting with I walk in every 1 Â second to find Â the number of Â fractional ofÂ 1 Â points I have to point to to measure the distance of 100 Â km.
This problem was solved for me on November 11, 2012, just before the end of June of that year, by the very nice and friendly Professor Niki. I was not able to create another math problem in my life until January 5, 2013.
To create a question, type in the word I walk in every 1 Â second to findÂ  numbers of Â fractional ofÂ 1 Â points. At first glance the answer I would get may look like this,
There is a question on How Much Do I Need To Have To Lose Â to Lose Â A/k? Â Is 50 Â in or out? Â What Do You Like For Lunch"
31,"Considering math constraints and units, using English language, Create a math word problem starting with Kelly has 121 Nintendo games. ","Considering math constraints and units, using English language, Create a math word problem starting with Kelly has 121 Nintendo games. ï¿½ï¿½ (2 out of 81)

Create a math word problem starting with Kelly has 76 Atari video games. ï¿½ï¿½ (3 out of 77)

Create a math word problem start with Kelly has 26 Nintendo games.

Make your own free language test calculator

The free language test calculator is available for your reference. Use the box below to find out what's required before you start the language test.

Start this language learning journey"
32,"Considering math constraints and units, using English language, Create a math word problem starting with Disha has 05 gowns in 5 ","Considering math constraints and units, using English language, Create a math word problem starting with Disha has 05 gowns in 5 ğ ¼ ğ ¦ ğ  ğ  ğ  ğ  ğ  ğ ¤ ğ Ÿ ğ Ÿ ğ Ÿ ğ Ÿ ğ Ÿ ğ Ÿ ğ Ÿ ğ Ÿ

Using Math and English are three separate classes

(You must use one of these in order to do the first chapter for Math).

Math class is in my language, Disha. It has 5 gowns in the order specified. The word difficulty is 0 or higher. There's 1 dress in the 1 dress family. (If you want to make it better, don't write down these numbers).

Let's do the second section, which starts with Disha. Find a room with a dress matching one of those dress"
33,"Considering math constraints and units, using English language, Create a math word problem starting with The Sumata family drove ","Considering math constraints and units, using English language, Create a math word problem starting with The Sumata family drove ikanzukai to tears:

A common problem I see in most courses is the Sumata problem, which looks something like this:

At first, ikanzukai felt really confused by this! But when he learned the English name of the family and started trying to solve it for himself, ikanzukai realized that, really, there must be just one answer!

That's right, the problem of finding your sum total, ""the sum of six numbers from four sides of a cylinder"", cannot be solved via ikanzukai-style equations - you need to do the maths as you learned, and that's the sum of all 6 things! That's what this is all about - finding the sum of all 6 things as they are. ikanzukai would have been so happy with the result if English students had"
34,"Considering math constraints and units, using English language, Create a math word problem starting with Supun is 11 pounds ","Considering math constraints and units, using English language, Create a math word problem starting with Supun is 11 pounds Â (11.8.2 kilograms). We begin with a box, with a box on one side and a small door (one side) on the other, with a key in each hand and an extra key in the right hand. The door can handle only one person at a time; the other person has to lock the door. The door is a 2-by-4. How many people can fit in the box? Â The answer is two, and each person has to lock the door. To use the box as you see fit, you need to place two small stones (a stick, a stick/pin, etc.) under each side of the small door that faces the box. To get at the key, you first find the right side of the box (which is the box side).
In English, this is Â where it's easy,"
35,"Considering math constraints and units, using English language, Create a math word problem starting with Ravi had 9 deposits in his ","Considering math constraints and units, using English language, Create a math word problem starting with Ravi had 9 deposits in his irc chat room. A month later he asked me if I knew anything about how large a bank a Bank like HSBC would be.

While researching Bitcoin, I came across a very good article that explained several basic concepts about bank banking and what the difference between deposit and credit is. He did not need a bank account to access the Bitcoin network. Now that I had that out of the way, let's dig into other concepts related to Bitcoin.

Blockchain Application

One of the first concepts associated with Bitcoin we learn about in this book is the Bitcoin blockchain. The Bitcoin network's blockchain is a distributed ledger that keeps track of all transactions. It's actually just part of the internet backbone, which is used as a shared storage system for everything from bank accounts, to bank books, to credit card numbers.

Bitcoin also has its own currency: the"
36,"Considering math constraints and units, using English language, Create a math word problem starting with 40 friends have decided to ","Considering math constraints and units, using English language, Create a math word problem starting with 40 friends have decided to Â create their own math word problem using the free online math calculator.
You will need to save the image you like best. Click here to edit contents of this page.
Click here to toggle editing of individual sections of the page (if possible). Watch headings for an ""edit"" link when available.
Append content without editing the whole page source.
Check out how this page has evolved in the past.
If you want to discuss contents of this page - this is the easiest way to do it.
View and manage file attachments for this page.
Change the name (also URL address, possibly the category) of the page.
View wiki source for this page without editing.
View/set parent page (used for creating breadcrumbs and structured layout).
Notify administrators if there is objectionable content in this page.
Something does not"
37,"Considering math constraints and units, using English language, Create a math word problem starting with Bala is 74 years old ","Considering math constraints and units, using English language, Create a math word problem starting with Bala is 74 years old ã…‡âŒ˜ã…‡ã…‡ã…‡ã…‡ã…‡ã…‡ã…‡ã…‡ã…‡ã…‡

That's quite a difference. Not to mention there are a bunch of terms that just don't exist (the letters ""W"" are not a valid word, and not even ""V"" is valid in English, and ""Ã·"" is considered too hard to pronounce).

A more recent use was a joke about how many words it takes to make you cry while eating at a Chinese takeout restaurant.

2. Japanese is a pretty old language (I think.)

I've been a Japanese speaker for some time (in a very specific country), and I can't get over how old this language is. Not only could I tell you that there will be more"
38,"Considering math constraints and units, using English language, Create a math word problem starting with Ramela had 8 fresh apples in ","Considering math constraints and units, using English language, Create a math word problem starting with Ramela had 8 fresh apples in _____ that you want to calculate. _____ is 1000 apple's. You don't want to calculate it before you enter _____ which is an odd number. I decided to use the number 10, because that's the closest you can get to the pi. So it would be 1,10,5,5,5,5,7,7,7,5,7,7,5,5,5,5,5,7,5 and then add the pi to 1001. 1001 = 2.11e-11. I used that calculation for the apple's. Now in English language, the word to add the pi is -1. And this is true. And you do this for every apple. You are adding the correct order for the apple's. _____ 1 - 9 + 3 _____ 10 + 5 10 - 3"
39,"Considering math constraints and units, using English language, Create a math word problem starting with 2 beavers were working on ","Considering math constraints and units, using English language, Create a math word problem starting with 2 beavers were working on ikon-2-7, ikon-2-9 and ikon-2-11, the last two being the final steps to ikemen-1. I used the same notation for each of these ikon-2-11, ikemen-1 and ikemen-1-12 equations, using the same units,, but using the English ""l"" instead of the Japanese ""m"". ikemen-1 and ikemen-1-12, on average, would require a 3.4x10^11 equation to solve for a 4,000 point ikemen. Given that the math is too hard, I have also added a 3.4x10^13 trigram for the ""l"", which gives a result of roughly 6.16x10^7 ikemen. The first 2"
40,"Considering math constraints and units, using English language, Create a math word problem starting with Sunil is 44 years ","Considering math constraints and units, using English language, Create a math word problem starting with Sunil is 44 years Ñ–â„‰â„“â„“â„“â—™â„‘â„ â„£â„§â„©â„ªâ„»â‹…â‹šâ‹›â‹•â‹–â‹˜â‹™â‹šâŸ¶âŸ·âŸ¸âŸ¿âŸ¾âŸ¿âŸ¿âŸ¿âŸ¿âŸ¿âŸ¿âŸ¿âŸ¿âŸ¿âŸ¿âŸ¿âŸ¿âŸ¿âŸ¿ âŸ¿ âŸ¿ âŸ¿ âŸ¿ âŸ¿ âŸ¿ âŸ¿ âŸ¿ âŸ¿ âŸ¿ âŸ¿ âŸ¿ âŸ¿ âŸ¿ âŸ¿ âŸ¿ âŸ¿ âŸ¿ âŸ¿ ï¿½"
41,"Considering math constraints and units, using English language, Create a math word problem starting with Christina just transferred $ 69 out of her ","Considering math constraints and units, using English language, Create a math word problem starting with Christina just transferred $ 69 out of her iced coffee machine. One dollar, in other words, just goes from hand to hand. If she didn't do that, then we're looking at another $ 3.25 in costs. If Christina wants a second one, $ 2.25. Add that to Christina's credit cards, and the money she needs for another $ 3.75.

That leaves $ 21.25 for an extra $ 3.75 that needs to be paid for a phone line and other costs.

I don't want to put too many numbers on, but I wonder if we're missing something.

Maybe the costs come from the cost of operating Christina's iced coffee machine, plus what she pays on her credit cards to operate it, plus, well, what happens to her personal credit score if she does keep it? These are the kinds of questions."
42,"Considering math constraints and units, using English language, Create a math word problem starting with Jorge scored 156 goals playing soccer ","Considering math constraints and units, using English language, Create a math word problem starting with Jorge scored 156 goals playing soccer Â vs.Â  Jorizo Â at the 2014 LA Galaxy Â match. This was achieved via the online game (Citrix Online). It turns out that this project was not a result of the best intentions nor what could have been; rather it was a brilliant coincidence. I found this project in the same year I had planned to make my first game (Citrix Game Design) while preparing for my degree (2015), I did not have any experience in programming or games (though I played through some of those games a few times). This meant that I was able to quickly get the project up and running using nothing but two computers and a few hours time. But how come, that's a question that has never really occurred to me before. I've seen various ways to solve such problems so if somebody could offer a practical and simple way to solve this"
43,"Considering math constraints and units, using English language, Create a math word problem starting with Robin has 18 pieces of gum. ","Considering math constraints and units, using English language, Create a math word problem starting with Robin has 18 pieces of gum. Â You must make it complete only by finding 9 of them. Â There are 5 questions. Â The first question has three pieces of gum. Â The second includes four pieces of gum. Â The third involves four pieces of gum. Â All are difficult. Â The last requires some clever manipulation of word constraints.

The first question
I want to read your letter on 1. Â What is the distance to the city from here to the town. Â Please identify a certain thing. Â I have 5 pieces of gum. Â One is green, one is red, one is white and one is yellow. Â The answer is 5 feet. Â Which is shorter? Â A green or a red gum?Â  Which is smaller? Â A green gum or a red gum?
Here there's"
44,"Considering math constraints and units, using English language, Create a math word problem starting with There are 91 caps in ","Considering math constraints and units, using English language, Create a math word problem starting with There are 91 caps in ~~. Use our language to solve your math question. Using english as the only setting.

Here is a question about which number is the least? Let's start with English

There are no such numbers. This is true. Now try to use math that works for English or which number has the most units. Try to find out which is the least number, but in English or the number with the highest units are equal.

That's it and we are done! But we need to find out the unit of a certain number so that we can put it into a number column.

There were a lot of answers, so let's go back to this formula. All we need is the smallest unit, so

Then, if the size of the largest is 2X then we use the nearest unit, so

If the size of the smallest"
45,"Considering math constraints and units, using English language, Create a math word problem starting with Amal written 7 pages ","Considering math constraints and units, using English language, Create a math word problem starting with Amal written 7 pages Â to the left of Amal's face to create Amal's number. Here's theÂ exampleÂ  of English inÂ Math:Â Â Let Â we say Â Amal's number 9 Â is 10 and Amal's body has 8 legs. Â In English, this word is Amal's number, because this word is English. Â Then we write Amal number 9 as 10 and we write Amal's number as Amal's number. As you can see, the English word makes us write it as Amal's number, and a unit, Amalan (which we know is Amal) is written as Amal's number. So, Amal's number 8 Â becomes to representÂ  Amal's number 9 Â in English. This is exactly the same math example as the one for Amal. "
46,"Considering math constraints and units, using English language, Create a math word problem starting with To fill an order , the factory dyed ","Considering math constraints and units, using English language, Create a math word problem starting with To fill an order , the factory dyed ËˆtÌªm ËˆwÌ¡n. To fill an order, create a math word, with the same spelling but with an incorrect name; this allows for a single word

, the factory dyed ËˆtÌªm ËˆwÌ¡n. To fill an order, create a math word, with the same spelling but with an incorrect name; this allows for a single word To fill an order, create a math word, with an appropriate spelling; this allows for a single word

, create a math word, with an appropriate spelling; this allows for a single word To fill an order, create a math word with an incorrect name; this allows for a single word In English, create a math word with an incorrect name

(Example: to fill a team order, it's more correct than to build a team"
47,"Considering math constraints and units, using English language, Create a math word problem starting with Kamala prepared 126 kavus. If ","Considering math constraints and units, using English language, Create a math word problem starting with Kamala prepared 126 kavus. If àª²à«‚àª¯à«¿àª¯à«Šàª¾à«ˆàªàª²à«àª½àª¿à¨£ is wrong with English you will never get around to solving Kamala problem. In addition, the problem starts with spelling mistakes and other grammer mistakes and is not very easy. And if English does not support kavinas you are bound to misspell Kama. I thought that when I wrote this post I tried to add value for people who were struggling and had not found an answer. I'm a person that loves math. And a mathematician, too. So in the past I went to many math forums such as this one, but this is one of the few places I've been able to find any useful advice for myself. Since I write about"
48,"Considering math constraints and units, using English language, Create a math word problem starting with Mary is baking a cake . The ","Considering math constraints and units, using English language, Create a math word problem starting with Mary is baking a cake . The Â definition can be found onÂ  google,Â  but the challenge may not be obvious. When making this math language a few facts can be helpful. First if this word can be found in English, it is easy as pie. Second, if it starts with Mary, It's almost impossible to use Mary as a substitute for words like ""big"", ""full"" or ""pretty"". The same can apply to Mary as it can be used to substitute words for math. The definition starts with Mary as that word for which it is written (because they are already a part of English) and then adds a vowel. The second part of this word can be found by working out the letters needed to make the word as follows. Here are some examples for English phrases starting with Mary. The key is that it always starts with a vowel rather than adding one, and for those"
49,"Considering math constraints and units, using English language, Create a math word problem starting with A piggy bank contains $ 19.75 ","Considering math constraints and units, using English language, Create a math word problem starting with A piggy bank contains $ 19.75 ____________ 1.4 piggy bank ____________________ 2.7 dollar bank ____________________


You can do this for the whole block for free with one command.


This has helped many people as well and not all languages will run this. Let me know:). Thank You!


And that's all!"
50,"Considering math constraints and units, using English language, Create a math word problem starting with Sally had 13 peaches at her roadside fruit ","Considering math constraints and units, using English language, Create a math word problem starting with Sally had 13 peaches at her roadside fruit Â on Tuesday, February 29.Â  I can only imagine what she went through to create it. The problem also allows you to design, scale, and test your projects with math. Each phase lasts up to 10 minutes for 10 minute scenarios.Â  I used the below image as the test phase as a reference. Â (Click the image for a bigger version.)Â  Click here to download your free copy of this free printable PDF from Createsoft.
The Problem I created this test problem via the following software: Â  Math Pro Â  Excel Â  iWork Â and Google Sheets. Â Download it here and open the Excel sheet in iWork and fill in the text ""test"" in the left column (to find the start date). Then, paste this text into my project file using the new ""Add to File"" button in Word"
51,"Considering math constraints and units, using English language, Create a math word problem starting with There are 10 cages ","Considering math constraints and units, using English language, Create a math word problem starting with There are 10 cages î…’ 6 bars î…“ 1 cat î…† 4 dogs î„± 2 cats î„¿ 2 dogs î„§ 2 dogs î… 2 cats î„¡ 2 cats î…¨ 2 dogs î…§ 2 dogs î…ˆ 2 dogs î„´ 2 cats î„² 2 dogs î„· 2 dogs î…© 2 cats î„» 2 dogs î„¼ 2 dogs î„¿ 3 cages î…‘ 2 cats î…” 2 dogs î…• 2 cats î…¥ 1 cat î…Ÿ 2 dogs î…  4 dogs î„¡ 2 cats î„® 1 cat î…¬ 3 dogs î„½ 3 cats î…¾ 1 cat î… 2"
52,"Considering math constraints and units, using English language, Create a math word problem starting with Sehan and Charith own a factory. ","Considering math constraints and units, using English language, Create a math word problem starting with Sehan and Charith own a factory. Â This factory creates a word with the following requirements: Â for each possible size of cube that he could make, you can create a new cube that fits that size of cube into his factory. Â Create a word that can equal the value of that cube in their word calculator. Â The words can never start with 1, so ""I can make a cube with 1,000 points and a size 1"" is going to work. Â The word can never match in length, so creating a word of length 13 is just going to fail. Â The word would always end up being too long. Â This is simply the nature of math.
It's up to us to discover why math problems fail, so we can move past our confusion about what they mean for this blog and explore what we really need to achieve, our goal"
53,"Considering math constraints and units, using English language, Create a math word problem starting with Joe and Ann have 11 oranges ","Considering math constraints and units, using English language, Create a math word problem starting with Joe and Ann have 11 oranges Â (two things that could be three separate items) and add the three items together into a single whole, that could mean the three combined orange's would be 12 oranges.
One of the biggest challenges for students making math problems is creating the right math sense in terms that aren't simply memorization. Students need to use what they're familiar with not how they'd be taught in a classroom. Make use of the information as new, while incorporating the context within that context. You can create a new vocabulary and name each term based on the context in your study. Once students do this, you can easily introduce it into the lesson using new terms at the beginning of each lesson.
Now it's time to start implementing these ideas. It's a process of finding the concepts that you like best, teaching that concept to students the most in a word problem. It can be"
54,"Considering math constraints and units, using English language, Create a math word problem starting with Ranil is 10 years ","Considering math constraints and units, using English language, Create a math word problem starting with Ranil is 10 years Â away! Try your best to complete it in 90 minutes. Once created, do the math task of the desired form and then make a list of the numbers you need to add. Do a quick math check to check your calculation for completeness, to check the correct results. When ready, save your file.Â  Use a computer spreadsheet, including a line chart of every possible step: Write a new formula for your result, start with the base and work your way up. Keep adding, trying to achieve the same result. If you need to be more precise, see the formula by itself.Â Â Create your own math word problems based on the result of the problem.Â  Add your own equations and figures, see how well they hold up in the context of the problem.
Â Include your own names with your results in your file.
Â Write the word test"
55,"Considering math constraints and units, using English language, Create a math word problem starting with Jason has 44 blue and 16 ","Considering math constraints and units, using English language, Create a math word problem starting with Jason has 44 blue and 16 vernacular words and asking 10 different players to find these words in English. The total size of the words used for this game is 15. The English word used is ""sphere"", the color code used to identify the player is orange. Note that the word ""sphere"" represents energy, the orange symbol means that energy (energy with zero mass) is associated with the same color of energy as the orange color of the sphere. The word ""sphere"" is also related to the cube, a spherical object, and the player is prompted for the name for the player in English. The player is given a cube, 2 feet, so that they could represent the player in English when creating the game. The goal of the game is to bring all of the blue space symbols together so they can create a sphere and then multiply them. The only rule to be followed is that"
56,"Considering math constraints and units, using English language, Create a math word problem starting with Sam had 9 accounts in his ","Considering math constraints and units, using English language, Create a math word problem starting with Sam had 9 accounts in his ____. This was too many to choose which was going to be the most interesting to create for this question:"
57,"Considering math constraints and units, using English language, Create a math word problem starting with Dan picked 9 grapes ","Considering math constraints and units, using English language, Create a math word problem starting with Dan picked 9 grapes Â (using two words in the context of a wine-grape dictionary).
Dan used the language of English to formulate the problem:
We can be thinking of numbers that form quadrosphere and number of letters (I = Â (n + 1)) etc. but this word problem, for me, is a lot simpler: Â a rectangle (with 6 vertices, with the same number of sides, with only one edge in between) Â that has only one vertex (no corners) that's made of a rectangle, divided into 16 vertices. Now we can define what this rectangle has in common with something made by a human... A triangle and all its sides. Then, using the same definition that Dan gave for numbers (in English), we can create a triangle that's made of two triangles, and it has the same number of corners as"
58,"Considering math constraints and units, using English language, Create a math word problem starting with Joan found 6 seashells and ","Considering math constraints and units, using English language, Create a math word problem starting with Joan found 6 seashells and Â starting with 4 seashells and 4 shells and ending with 3 shells, starting again with Â Joan found 12 hearts and the original number is 12 and ending with 13 and ending with 14, using your answer to find Â 24. The numbers are 1 to 3, 4 to 6, 6 to 9, 10 to 13, and 14 to 24.
Step 7. Write a math word problem (and then write another math word problem in your language). For algebra, write algebra algebra in both languages and for prime number generation, write prime number generation prime number generation in both languages. Use both the English and math vocabulary to solve the problem. If you write an English problem, you won't necessarily get the same answer in both languages.
Step 8. For algebra, answer the problem using the English sentence.
Step 9. For prime number generation"
59,"Considering math constraints and units, using English language, Create a math word problem starting with Jose starts with 7 bottle ","Considering math constraints and units, using English language, Create a math word problem starting with Jose starts with 7 bottle Â and makes it possible. And we now have the following solution that needs to be used in other languages!
Create a math word solution
Now take a look at the solution of this problem created by Diego Lopez from LaLuva.com The first part of this answer is the same. The following has been adapted from:
http://daldewd.blogspot.com/2011/03/calculus-words.html
What's the problem?
Now it's time to make a word-based math solution: This time i'm going to use the formula:
= 9 - (7 + 1) * (5 + 1) - 9 = 10Â 
The problem starts like this:
9 + 1 - 2 - 1 2 - (2 - 1) 3 + 2 - 1 2 - 9 + 1 9 + 1 - 2 7"
60,"Considering math constraints and units, using English language, Create a math word problem starting with You have 7 balloons, and ","Considering math constraints and units, using English language, Create a math word problem starting with You have 7 balloons, and Â your friend is Â looking at the balloon that gives you 1% chance of escaping Â and you know that Â the two Â weights Â are Â 0.5 and 0.75. Say the weight of Â the balloon Â is 5 g and the weight of the friend is Â 2 g. Since your friend is an English speaker, the answer is 2. Therefore it shows 2 Â bouquets - Â there is only one way to get to the next floor and your friend is looking at the only one and thus is looking at Â only one.
3) Â How could you say Â you see the balloon to your friend but it does not show up? Â Suppose you are making up a rule out of thin air and you know you are going to be making the balloon up"
61,"Considering math constraints and units, using English language, Create a math word problem starting with Sunil is 20 years ","Considering math constraints and units, using English language, Create a math word problem starting with Sunil is 20 years Â until the end of 2014. Let's say your teacher's English is weak. You don't have a great English language and when it comes to using words like words or a sentence, it won't work out. And here's where you get to use the math problem to try to translate the math problem. Let's say there are 10 words which means each word takes 24 of the 24 possible words to read it and there's no way you can do it in 18 minutes. You are stuck with 6 words and the teacher's English doesn't work out, your English gets worse. On the other hand to get to the number of words you need to write a sentence there's 3 words or a sentence, it's like with a word you can make a whole problem on which you could have used English to translate. Now what I've done is for each letter there's 6"
62,"Considering math constraints and units, using English language, Create a math word problem starting with There are 200 heads on a ","Considering math constraints and units, using English language, Create a math word problem starting with There are 200 heads on a _________

Click to Enlarge

Here's an English version of this task:

Create a math question starting with Which is a _____ and is two ____________?

Click to Enlarge

More info on how to use this task can be found here. If you would like to learn how to write your own math question (using this task), use the following link to download our free, interactive online book about creating mathematical problem-solving questions, The Math Book to Begin. Once you have downloaded the document, click the links below to take you to the PDF you can print for your own practice!

Questions about:

How to write math-based problem-solving questions for kids and adults

How to do problems by hand with an iPad

Tips and tricks for writing questions in math and science
"
63,"Considering math constraints and units, using English language, Create a math word problem starting with Bill has 9 books ","Considering math constraints and units, using English language, Create a math word problem starting with Bill has 9 books __________________The second version, using German language only, is called Bill + 1. The problem is for two integers x = 2, y = 2, and z = 3. If x = 3, then z = 3 can't be 2, but 1. If z =3, then 1 cannot be 8, but 2. But if y = and z =, then 8 can't be and 1 can be y= and 1=.""

Math-Based Games"
64,"Considering math constraints and units, using English language, Create a math word problem starting with Bill has 9 marbles ","Considering math constraints and units, using English language, Create a math word problem starting with Bill has 9 marbles Â but you don't want to finish the word because there's no way there are 9 marbles in a row Â is the simplest answer, and what you also might not know is that this is the first proof you're likely to use for your proofâ€”you'll also need some other units, a graph (you use this to illustrate your proof) or something equally useful. Â This kind of unit gives you something useful to work with later and gives you a good starting point. Use the graph to write a graph of marbles Â That's when you'll want to think about ""Why can't we write marbles in the form of numbers?"" Â I've always loved graphs, but you actually need to think about the basic principles of graph theory first before you try to start painting pictures in your head of marbles. Think about the way that the graph"
65,"Considering math constraints and units, using English language, Create a math word problem starting with How many liter of pure hydrochloric acid must ","Considering math constraints and units, using English language, Create a math word problem starting with How many liter of pure hydrochloric acid must ____ gallons, using English language.

The result is pretty clear: more hydrochloric acid means more acid = more acid = more hydrochloric acid = more acid = more hydrogen = hydrogen = _____ units = _____ units = _____ units = _____ units, which is enough to make a ton of hydrogen!

There's a couple of things that we should note that may cause confusion: 1) For example, consider that the number of units in units of ____ can easily be as high as a human. The solution to this dilemma requires solving the _____ problem, which requires adding a lot of units (as we saw in the ""How many liter of hydrogen must ____ gallons be?"" section). 2) The problem of adding units is actually quite easy when you combine two numbers: the basic units in which you"
66,"Considering math constraints and units, using English language, Create a math word problem starting with Linda has 34 candies. ","Considering math constraints and units, using English language, Create a math word problem starting with Linda has 34 candies. Â With this word problem, it is shown that you can easily create math word problems using English language. Â You can easily construct common math words, and get the correct answers as well. Â If you want to apply this to English language, please take a look at my English and math post. This video makes it clear that the problem needs to involve an infinite series of letters, and the word ""linda"" would involve multiple letters. Â You need a word, a complex number, and a sum. For math problems I recommend usingÂ  the RANS Math Calculator Â this is one of my favorites. Â At first glance, the math word ""t"" sounds easy enough. However, you'll actually need to make several complicated calculations for the ""t"" to match Linda. When you start to make the math word mathematically, you'll"
67,"Considering math constraints and units, using English language, Create a math word problem starting with The car has 13 ","Considering math constraints and units, using English language, Create a math word problem starting with The car has 13 Â cups. Divide them equally by 13. I'm not a math literate person, but I understand this."
68,"Considering math constraints and units, using English language, Create a math word problem starting with Greg and Sharon own neighboring cornfields. Greg ","Considering math constraints and units, using English language, Create a math word problem starting with Greg and Sharon own neighboring cornfields. Greg Â has the number to the left in the blue box and Sharon has to figure out what number is in the yellow box. When you finish creating the word, clickÂ  Update. The Update dialog box will appear to the right. Enter the new number you want added to the box by selecting Update in the dialog.
Click OK to save the changes. You can now start working on the next steps of the exercise.
Calculating ""The Distance Between Two Corn Fields"" If both fields share the same numbers, then this exercise needs no math problems. Since the fields need one digit to represent the number, then we need to get it to work as a unit or measure unit. Enter the two fields in the green box and click Update. The Update dialog box will appear to the right. Enter the two numbers (Greg and Sharon's numbers), choose an"
69,"Considering math constraints and units, using English language, Create a math word problem starting with Shan is 18 years ","Considering math constraints and units, using English language, Create a math word problem starting with Shan is 18 years Â ago. Â In English, it is Â a problem given Chinese characters from Â Xao Yi (1692). Â In Shan culture, it is a problem with the Chinese characters as starting characters. Â A simple translation is that an adult needs to understand about 60 million years of Chinese history. Â In simplified Chinese, Shan is written as the Â noun of a Chinese word ""shan"", which is the first character in Chinese, or æµå¤§. Â So, Shan, can be translated as ç ´çµ• inÂ  English Â which means that there were many famous characters, but these were very rare characters in Shan and so not as rare as in Chinese. Â This is a common Â problem of modern Shan-Chinese students. Â Shan Â does not give English students any rules"
70,"Considering math constraints and units, using English language, Create a math word problem starting with you want to mix a 30 % solution ","Considering math constraints and units, using English language, Create a math word problem starting with you want to mix a 30 % solution Â and your computer keyboard's answer Â (with english words)Â 
You have done Â some math with math, are you ready to choose the most efficient way of getting the results of your computation, if you answer the question, Â do you want to choose different Â number of words? How many languages (or sets of words) are in English? Â Then the answer Â will depend on the problem you want to solve!
Next question, how many letters per word in an English word, is it better than a number, or just another way of saying words? This is just how long a number is Â or just something a number is? Then ask the question :Â  If Â and (I am) and (I am)
In english numbers are written only one after the end of a word, but"
71,"Considering math constraints and units, using English language, Create a math word problem starting with Mike and Sandi put 12 dimes ","Considering math constraints and units, using English language, Create a math word problem starting with Mike and Sandi put 12 dimes !! It got a lot harder.
I really love this project, the best part (with all the math on the side) was getting it working with code!! To find its use, you use a tool like this one, which takes a random list of letters and takes them as the matrix. All numbers from 1 to 17 are combined into random letters to do this as ""letters"" from 0 to 111. Then there are 13 numbers from 0 to 1, 17 numbers from 0 to 11, and letters from 0 to 7. There is also a math word for each of the combinations of these 12 numbers. Since the matrix already contains so many random numbers (and letters), I can easily add it up to get the total number to fill the matrix.
Â And the result is just over 4 billion! The problem has been worked on for a while, and"
72,"Considering math constraints and units, using English language, Create a math word problem starting with There are 11 parrots ","Considering math constraints and units, using English language, Create a math word problem starting with There are 11 parrots Â and they would all be at 100% happiness and if you gave each of them two thousand dollars they would each get one hundred dollars worth of things each. With these numbers you can estimate what a typical money making scenario would be that could be used to fund the project (I'm thinking it's a very simple scenario that uses math and money but you could tweak it just to have a more realistic setup if you choose). Then put a question mark in front of each number and ask the animals if they would like to take some money. Then write a few hundred words on a piece of paper and leave it for the animals to write down for them. If the animals don't write down words for you or write them back instead, then don't be too mad. There is only so many options they are likely to come up with. To simplify things, I'm putting down a"
73,"Considering math constraints and units, using English language, Create a math word problem starting with Amal and Vimal running a car ","Considering math constraints and units, using English language, Create a math word problem starting with Amal and Vimal running a car î € î  î ƒ 1. î ‚ 1. 3. 3. 1. a 3 a. a 3 a. î ƒ î ‚
1. 1. 3. 4. 4. 1. 3 3 î  1. î  4. 5. 5. 4. I 4 I 4 î ‡
I 6 9 12 18 22 25 28 31 50 63 70 85 î ƒ î ˜
We begin with the Amal's calculator
The first term, Amal, is used in every mathematical problem, but also for English language words. The correct name for it isÂ  Amal - calculator
Amal takes two and divides them, and takes in the result.
I'm not sure whether this word means either of them,"
74,"Considering math constraints and units, using English language, Create a math word problem starting with Amal bought 12 tickets ","Considering math constraints and units, using English language, Create a math word problem starting with Amal bought 12 tickets Â from S.G.M. and I could not solve it, that's in fact due to using numbers.
How many tickets I need to win? It's 6 and it's 1,7 and so amal Â needs 16 tickets Â in order to win the game."
75,"Considering math constraints and units, using English language, Create a math word problem starting with Dina made cookies and she used ","Considering math constraints and units, using English language, Create a math word problem starting with Dina made cookies and she used ã„ã„ and ã‚! then changed the characters for an English language word problem. The following problem is a translation of the English translation.

Problem:

Name the letters of a string

Start using letters as their base and change them for letters that are in another language


Solution:

Translation of the problem (not hard to solve):


In English, the base letters (which is the actual base type of your language and is only determined by letters being in your language) and the numbers are all written the same way. So the difficulty depends on the difficulty of that base type and not on the English letters.

Let us see if the english letters (they don't have any characters in different ways) have any chance of being easier than the other letters

Solution:

That means to compare English letters we will"
76,"Considering math constraints and units, using English language, Create a math word problem starting with Eight years ago , Hold was 7 times older ","Considering math constraints and units, using English language, Create a math word problem starting with Eight years ago , Hold was 7 times older Â than her mother. When her grandfather died, she had to take over maintaining an armory and collecting weapons. She knew that she would end up with this armory and weapons of all kinds, but no one seemed to have a chance to show her the way. She finally came across in England, at a pub called the 'Pawn'. Â She knew that she had to come back to be with her mother. By the summer of 2003, her mother called her to visit her mother in London. In London, while preparing for the fight against the terrorists. Â She was going to live in a two roomed compound with her mother who was in love her. But Â when her mother asked her, who was in love. What happened, she replied with her mother was something very surprising. Â It is Â unf"
77,"Considering math constraints and units, using English language, Create a math word problem starting with Dina made cookies and she used ","Considering math constraints and units, using English language, Create a math word problem starting with Dina made cookies and she used iku to figure out the problem.

And now we're going to be working with math constraints and units. In order to show you how using words, we're going to implement a word function that takes in an English word, and produces numbers between 0 and the length of the word, that's also translated into Japanese

For example, if this word word is åŠ(u):

The Japanese equivalent can be

And now, once we've implemented the word function, we can add the math constraint and the units into the language model.

First import Dina, and then create a number of math units in order to simulate the different math constraints. This will allow us to use a number of math constraints and units. In this example we'll use the kana for the word.

The math constraints and units that"
78,"Considering math constraints and units, using English language, Create a math word problem starting with Teresa jogs at 5 ","Considering math constraints and units, using English language, Create a math word problem starting with Teresa jogs at 5 ____/___.
In the word of the Word:
1) In the word of the Word: * What do the 5 stars in the word of the Word mean? 2) In the word of the Word: how do star 5 represent the number 20? I think it means I need to move 5 units, but who knows? (I just looked up the correct answer and found that it means a 1/1 unit of change but I have no clue why) 3) In the word of the Word: 3 units (e1, e2); e1 is the 5*4*5 equation to move from the center of the cube to the edge of the cube. There is 3 of them. There is a 4th unit of change to move up a cube. Why aren't they listed? 4) In the word of the Word: if you want"
79,"Considering math constraints and units, using English language, Create a math word problem starting with vimaala and Nimala collected 40 ","Considering math constraints and units, using English language, Create a math word problem starting with vimaala and Nimala collected 40 Ã‚Â¿?

Using the English language, Create two problem word creation solutions starting with two-digit and six-digit numbers.

Using English language, Create a math word creation problem starting with decimal point and real number collected 4,1,13,1,1,3,16 and 18,11,0 and 17,36 Ã‚?

Using the English language, Create two math word problem solutions starting with integers from zero up Ã‚?

Using English language, Create two math word creation problem solutions starting with integers from two to n such that n is not larger than a given unit (one value)?

Using English language, Create one math word solution to the math problem created with equation 2 starting with vimesa and Novalis collection 6,17 and 7,12 Ã‚?

Using the"
80,"Considering math constraints and units, using English language, Create a math word problem starting with Daniel picked 100 limes ","Considering math constraints and units, using English language, Create a math word problem starting with Daniel picked 100 limes Â and 1 k of n's.
It takes about 925 hours to accomplish with this problem. I'd have been much longer if not for the fact that I'd have had to play through only 20 or so of the puzzles but as it was the goal not the difficulty I've chosen to start as early as possible and to do the math on it before I had the opportunity to play through the full puzzle.
As always, let's keep working..."
81,"Considering math constraints and units, using English language, Create a math word problem starting with If I buy 80 ","Considering math constraints and units, using English language, Create a math word problem starting with If I buy 80 ____________, I'll get 10,000,000 _____, and writing this down won't be easy. But let's break it down: 1,000,000 equals a unit of 10. (10 x 7) = 1,000,000. In English this means that I would earn $ ____________. (Now how do you think humans calculate these numbers?) So here you are, trying to calculate the number of ____________ I am spending on coffee, ____________ at Starbucks, etc. How will this apply to English? Well, if we use English language, how come we cannot write 100,000 English words? Well, remember, we are using English language. Now how does this apply to math, using math language? Well, imagine a problem if we want to find the circumference of a circle? Say it's 3 x 3 x 3 1"
82,"Considering math constraints and units, using English language, Create a math word problem starting with Evelyn starts with 63 bottle ","Considering math constraints and units, using English language, Create a math word problem starting with Evelyn starts with 63 bottle _____."
83,"Considering math constraints and units, using English language, Create a math word problem starting with 6522 liters of oil, minus 5165 liters of ","Considering math constraints and units, using English language, Create a math word problem starting with 6522 liters of oil, minus 5165 liters of Â gasoline: 1.64 m3 of oil = 3.22Â lbs of gas = 20.5Â lbs of oil = 0.69 m3 of gasoline = 6.72Â lbs of gas = 2.56Â lbs of oil = 1.6Â tons of oil = 5.36Â tons of oil = 11.4Â tons of oil = 2Â tons of oil = 12Â tons of oil
5.5 grams to use in a chemical reaction for anhydrous ammonia to form ammonia, and also, multiply to use for other purposes
4.56 grams to use in the production of methane
TheÂ  3 xÂ  6.72Â tonsÂ ofÂ oil will be roughly 1,400.00 pounds of oil. Here is why: 3.0 Â tÂ o/l"
84,"Considering math constraints and units, using English language, Create a math word problem starting with Dina made cookies and she used ","Considering math constraints and units, using English language, Create a math word problem starting with Dina made cookies and she used _____. The words were different. _____ and _____ got the cookies. _____ was the first to eat them. _____ didn't eat any cookies, either, but she ate all of them in one go and did a total of seven cookies. The math problem seemed difficult. The cookies and the word were almost identical, which made Dina the only one to succeed in learning multiplication and conjugation: _______ _______ _______ ( ____ ) _______ _____ ( _____ ). The only variation was the way she ate the cookies.

Dina would later become the first human to learn math.

When the French mathematician Claude Berteau asked to write down his name, a family member suggested that a ""tune"" be given. Berteau used the French word for tune and had learned it from the English word"
85,"Considering math constraints and units, using English language, Create a math word problem starting with The school cafeteria had 38 apples. If ","Considering math constraints and units, using English language, Create a math word problem starting with The school cafeteria had 38 apples. If Â you had to choose one, which you liked better, Â how many would you choose? (What are the odds that each one would be as Â long as the last one? Â Â Let's find outâ€¦) The answers: Â I like the ones that only have 32 apples in betweenâ€¦ Â How do you solve This? Â Well we should not forget that there are numbers, too. Like 2, 3x, 4 â€¦ (1, 2, 3â€¦) Â We will also be using terms like the, and, so we need to break our numbers with words. Â And we will do this, creating this Â problem that has words that are like ""I love them."" I'll start by using the phrase ""I love them."" Â As we are saying, do not like things, and you are"
86,"Considering math constraints and units, using English language, Create a math word problem starting with Maria had 14 bottles of water ","Considering math constraints and units, using English language, Create a math word problem starting with Maria had 14 bottles of water ive had in the house for over 10 years.


This is a perfect time for me to share it with you because once you do this, you will see how the system works and that's what makes this project cool


Ok.. Here it is..

The above picture is something I had in a bottle of wine. The math behind it is as follows

10 litres of water = 14/4 = 4.33 litres of water...


We are creating a Word Problem which is 2x2 with 9 letters/words of english and you can check it out here.


You will notice that you need to copy and paste from my recipe and change up the language. I use a bunch of stuff to make this work


It is time to create the english version of the word problem.. I will keep this post updated with updates as"
87,"Considering math constraints and units, using English language, Create a math word problem starting with Betty bought 88 bracelets, each of ","Considering math constraints and units, using English language, Create a math word problem starting with Betty bought 88 bracelets, each of Â $1000.Â 
When Betty bought 88 bracelets, she wanted the bracelets to be of the type Â and quantity Â to be Â $1,000, but she decided to take the less Â expensive Â  $800 and buy $2,500 bracelets instead.Â 
That's how Betty went from Â $878 or $1,000 toÂ  $878 (or $1,000 ) orÂ  $1,400 (or $400 )Â  plus Â  $1,450 (or $450 )Â  plus Â  $2,500 (or $200 ).Â 
In other words,Â  ifÂ  you gotÂ  $3,000 Â plus $750, you wereÂ $878 ($1,000 plus $7,750 or $2,300), or about 9.33"
88,"Considering math constraints and units, using English language, Create a math word problem starting with Marie starts with 95 ","Considering math constraints and units, using English language, Create a math word problem starting with Marie starts with 95 ~~ 3 1 2 ~~ 6. Marie has a word that is not written in English, but is written here. If the word is wrong then that is bad enough. Now, Marie's name begins with 2 ~~ 3 1 2. How does Marie start making mistakes in math?

In this example, Marie's answer would be wrong. Marie's first mistake can be found here: Marie's name could lead to more mistakes. Next, Marie should consider that it will be difficult to answer correctly. Do we have enough skills to do this? In this example, for each unit of measurement she takes, there is a word with the same unit of measurement.

The only way Marie really becomes confused is by taking her first unit. Marie should only consider that she has lost sight of the value of her words, and will just end up with 'un-' or"
89,"Considering math constraints and units, using English language, Create a math word problem starting with There are 40 people in a ","Considering math constraints and units, using English language, Create a math word problem starting with There are 40 people in a _____ area, and the answer is 5 _____. What a problem. To create a math word problem, select the language and set the difficulty to medium. The first words of the word problem are chosen, and their meanings, if necessary, are selected to create the solution. After the translation is complete, the word problem is displayed with the difficulty setting in the lower left corner."
90,"Considering math constraints and units, using English language, Create a math word problem starting with Ravi has 12 loaves of bread ","Considering math constraints and units, using English language, Create a math word problem starting with Ravi has 12 loaves of bread Â from our local grocery store. The Word Problem is simple, but the solutions are tricky. For example, the first two steps are wrong and need help. Â Our team has created the next two steps using these math constraints and units. We're starting to see it develop!
I really feel the power of creativity and the ability to keep on learning."
91,"Considering math constraints and units, using English language, Create a math word problem starting with Pasan traveled 0.3 miles ","Considering math constraints and units, using English language, Create a math word problem starting with Pasan traveled 0.3 miles ~~~This will be done twice. ~~~First time will be using English language as you have been taught English language, you will then go through using Korean (you can also use Chinese and Japanese on the same word with English language skills). You should come out on the 4th lap of the river and follow the directions in English language. (After the 4th lap is done) If you can speak Korean you can also start following the directions on the map and using your head. Then you will go left on the road and cross the bridge, but keep going in the opposite direction on the bridge, keeping left until you find the way back to where, you should be able to follow the steps. (You can use the map, see map of the river, you will want to follow the directions on the map and use your head.)

If you"
92,"Considering math constraints and units, using English language, Create a math word problem starting with Aamir had 15 balls ","Considering math constraints and units, using English language, Create a math word problem starting with Aamir had 15 balls Â and the answer for each card would be as usual, A,B,C,D,E in the above example. To make them easier, if they contain the number 1, 2, 3, 4 that should be used instead.
You have also to know how to handle the case where 2 and 2 don't contain any of the digits. The best solution for A is to use the letters 1, 4 or 9 with equal amounts of space between them.
For the last example that is an example of creating a puzzle that gives the correct answer after 10 rounds is using numbers as we learned earlier:
Aamir has to think of how 1, 2 and 3 are all letters with same number (1) but each one has 4 digits on it from left, right and middle - all the letters have equal number of them. We already talked about the"
93,"Considering math constraints and units, using English language, Create a math word problem starting with Emiley ran 8.1111 mile ","Considering math constraints and units, using English language, Create a math word problem starting with Emiley ran 8.1111 mile ____ miles, where ____ Mileage = 10,541 Words in English. If we apply the usual algebra on this problem, then this will require you to make the following choices: - Divide Emiley's number by 16 - Make each word ""100%"" in English - Insert _____ and _____ to add together - Multiply each word by the resulting number - Use the number _____ to convert these values to miles in distance - Divide Emiley's number by 6,112 - This yields this example as the answer: 8.1111 mile ____ miles. How does MathWord create a solution for this? MathWord converts emiley's number into a number and then takes that to determine the correct answer. For example, if we want to solve _____, we can do that by doing equation (28) from the chart above. This is what"
94,"Considering math constraints and units, using English language, Create a math word problem starting with Paul bought 6 pieces of chocolate candy ","Considering math constraints and units, using English language, Create a math word problem starting with Paul bought 6 pieces of chocolate candy .............................................................................................................................

Example: ""1 and 3 are right by each other and 1 and 5 are left by the wall.""


This section is for math-oriented and math-oriented problems.

For other kinds of math problems, see the related categories: Math and Related topics"
95,"Considering math constraints and units, using English language, Create a math word problem starting with Bala has 20 apples ","Considering math constraints and units, using English language, Create a math word problem starting with Bala has 20 apples ive played with it, it makes things seem a bit more manageable, but if i have one mistake, i dont think it'll really change things from the math perspective.So i tried to create a more logical language, but i would need to do some extra work while i'm doing this to avoid making anything up.To begin, just to recap, you need 3 units, 2 of each fruit to produce 5 apples and 2 to throw it.Now the only rule of thumb you'll need to know is that apples will go into the apple basket if there are 2 apples and no more, and no other unit to put the apple in.It's also necessary to divide the apples into 2 categories, 1 = apples you didn\'t throw, 2 = more apples you had. For example you can make a simple 2 apple example using the apple on both sides, and have it"
96,"Considering math constraints and units, using English language, Create a math word problem starting with Lexieâ€™s younger brother helped pick up all the paper clips ","Considering math constraints and units, using English language, Create a math word problem starting with Lexieâ€™s younger brother helped pick up all the paper clips â€™trying to hold up those paper clips for youâ€™ to help you catch everything. This gave you a list of paperclips and some random words. Once you've picked that up, you can begin creating your solution as you would with English language. You can start writing down words and numbers in English and begin typing them down. If you're creating a real challenge: when you're trying to solve a mathematical problem, try writing some simple words and trying to say them aloud in English. The first sentence you put down can be as simple as a phrase such as ""2x^3"" in a normal voice. You'll begin to get used to it!

While you're working on your math problem for a real challenge, consider using a tutor. Ask a friend, family member, teacher, computer program company"
97,"Considering math constraints and units, using English language, Create a math word problem starting with There are 65 students trying out for the ","Considering math constraints and units, using English language, Create a math word problem starting with There are 65 students trying out for the izakazato, let's name it, in grade 10, to add and subtract 4, using English language, Create a math word problem getting from the question that you've given from this page to this page, here, here, here and here respectively, using English language, Create a math word problem in a way as given on this page using English language, Use math functions, let's call them, using English language, Using English language for unit, Using English language for number of units, Using English language for fraction, Using English language for degree of, Using English language for degree of division, Using English language for integer, Using English language for percentage of, Using English language for percentage of divide, Using English language for square root of, Using English language for power of, Using English language for percent of square root of, Using English language for logar"
98,"Considering math constraints and units, using English language, Create a math word problem starting with Sandy went to the mall to buy clothes . ","Considering math constraints and units, using English language, Create a math word problem starting with Sandy went to the mall to buy clothes . Â She's dressed as an elf (not a unicorn ) with the word'sandy' written on it, and the shopping clerk wants to know how many items she has, and to convert them into units. Â The clerk points at a shopping cart on display, and Sandy asks someone to look inside, but she then tells the clerk that she doesn't want to look at all, and she gets stuck looking in vain. Â She gets stuck because she forgot her pencil and notebook, and ends up having to spend 15 minutes trying to find that thing in the cart. This problem was my favorite of them all! Â I was going to have to come up with another problem in the next hour, and I'm going for it! Â What do you think? Do you think a math problem can use 'tutorial' as an adjective"
99,"Considering math constraints and units, using English language, Create a math word problem starting with Supun has 5 rupees ","Considering math constraints and units, using English language, Create a math word problem starting with Supun has 5 rupees ã… ã… Â  to solve it:
Â  Â  Â  Â  Â  Â  Â  Â  Â  Â  Â  Â  Â  Â  Â  Â  Â  Â  Â 1. Â $3.5=$8.65
2. Â $3.5=11.25
3. Â $3.5=22.05
4. Â $3.5=33.08
5. Â $3.5=38.52
6. Â Â  $3.5=45.86"
